book,sport,event_id,market_id,selection_id,fetched_at,market_name,market_family,scope,segment,is_milestone,milestone_value,line,selection,participant,team_name,home_team,away_team,price_american,implied_prob,fair_prob,market_group_key,outcome_key,projection_mean,projection_prob,model_prob,edge_pct_points,score_status
FanDuel,nba,35486189,moneyline,away,2026-04-14T18:46:40Z,moneyline,moneyline,team,full_game,False,,0.0,away,,Orlando Magic,Philadelphia 76ers,Orlando Magic,102.0,0.49504950495049505,,35486189|team|full_game|moneyline|orlando_magic|ou_or_side|0,35486189|team|full_game|moneyline|orlando_magic|ou_or_side|0|away,,,,,unscored_no_projection
FanDuel,nba,35486189,moneyline,home,2026-04-14T18:46:40Z,moneyline,moneyline,team,full_game,False,,0.0,home,,Philadelphia 76ers,Philadelphia 76ers,Orlando Magic,-120.0,0.5454545454545454,,35486189|team|full_game|moneyline|philadelphia_76ers|ou_or_side|0,35486189|team|full_game|moneyline|philadelphia_76ers|ou_or_side|0|home,,,,,unscored_no_projection
FanDuel,nba,35486203,spread,away,2026-04-14T18:46:40Z,spread,spread,team,full_game,False,,8.0,away,,Toronto Raptors,Cleveland Cavaliers,Toronto Raptors,-108.0,0.5192307692307693,,35486203|team|full_game|spread|toronto_raptors|ou_or_side|8,35486203|team|full_game|spread|toronto_raptors|ou_or_side|8|away,,,,,unscored_no_projection
FanDuel,nba,35486203,spread,home,2026-04-14T18:46:40Z,spread,spread,team,full_game,False,,-8.0,home,,Cleveland Cavaliers,Cleveland Cavaliers,Toronto Raptors,-112.0,0.5283018867924528,,35486203|team|full_game|spread|cleveland_cavaliers|ou_or_side|-8,35486203|team|full_game|spread|cleveland_cavaliers|ou_or_side|-8|home,,,,,unscored_no_projection
FanDuel,nba,35482689,moneyline,away,2026-04-14T18:46:40Z,moneyline,moneyline,team,full_game,False,,0.0,away,,Miami Heat,Charlotte Hornets,Miami Heat,198.0,0.33557046979865773,,35482689|team|full_game|moneyline|miami_heat|ou_or_side|0,35482689|team|full_game|moneyline|miami_heat|ou_or_side|0|away,,,,,unscored_no_projection
FanDuel,nba,35482689,moneyline,home,2026-04-14T18:46:40Z,moneyline,moneyline,team,full_game,False,,0.0,home,,Charlotte Hornets,Charlotte Hornets,Miami Heat,-240.0,0.7058823529411765,,35482689|team|full_game|moneyline|charlotte_hornets|ou_or_side|0,35482689|team|full_game|moneyline|charlotte_hornets|ou_or_side|0|home,,,,,unscored_no_projection
FanDuel,nba,35486189,spread,away,2026-04-14T18:46:40Z,spread,spread,team,full_game,False,,1.5,away,,Orlando Magic,Philadelphia 76ers,Orlando Magic,-110.0,0.5238095238095238,,35486189|team|full_game|spread|orlando_magic|ou_or_side|1.5,35486189|team|full_game|spread|orlando_magic|ou_or_side|1.5|away,,,,,unscored_no_projection
FanDuel,nba,35486189,spread,home,2026-04-14T18:46:40Z,spread,spread,team,full_game,False,,-1.5,home,,Philadelphia 76ers,Philadelphia 76ers,Orlando Magic,-110.0,0.5238095238095238,,35486189|team|full_game|spread|philadelphia_76ers|ou_or_side|-1.5,35486189|team|full_game|spread|philadelphia_76ers|ou_or_side|-1.5|home,,,,,unscored_no_projection
FanDuel,nba,35482689,spread,away,2026-04-14T18:46:40Z,spread,spread,team,full_game,False,,6.0,away,,Miami Heat,Charlotte Hornets,Miami Heat,-110.0,0.5238095238095238,,35482689|team|full_game|spread|miami_heat|ou_or_side|6,35482689|team|full_game|spread|miami_heat|ou_or_side|6|away,,,,,unscored_no_projection
FanDuel,nba,35482689,spread,home,2026-04-14T18:46:40Z,spread,spread,team,full_game,False,,-6.0,home,,Charlotte Hornets,Charlotte Hornets,Miami Heat,-110.0,0.5238095238095238,,35482689|team|full_game|spread|charlotte_hornets|ou_or_side|-6,35482689|team|full_game|spread|charlotte_hornets|ou_or_side|-6|home,,,,,unscored_no_projection
FanDuel,nba,35482442,moneyline,away,2026-04-14T18:46:40Z,moneyline,moneyline,team,full_game,False,,0.0,away,,Portland Trail Blazers,Phoenix Suns,Portland Trail Blazers,124.0,0.44642857142857145,,35482442|team|full_game|moneyline|portland_trail_blazers|ou_or_side|0,35482442|team|full_game|moneyline|portland_trail_blazers|ou_or_side|0|away,,,,,unscored_no_projection
FanDuel,nba,35482442,moneyline,home,2026-04-14T18:46:40Z,moneyline,moneyline,team,full_game,False,,0.0,home,,Phoenix Suns,Phoenix Suns,Portland Trail Blazers,-146.0,0.5934959349593496,,35482442|team|full_game|moneyline|phoenix_suns|ou_or_side|0,35482442|team|full_game|moneyline|phoenix_suns|ou_or_side|0|home,,,,,unscored_no_projection
FanDuel,nba,35482442,spread,away,2026-04-14T18:46:40Z,spread,spread,team,full_game,False,,3.0,away,,Portland Trail Blazers,Phoenix Suns,Portland Trail Blazers,-110.0,0.5238095238095238,,35482442|team|full_game|spread|portland_trail_blazers|ou_or_side|3,35482442|team|full_game|spread|portland_trail_blazers|ou_or_side|3|away,,,,,unscored_no_projection
FanDuel,nba,35482442,spread,home,2026-04-14T18:46:40Z,spread,spread,team,full_game,False,,-3.0,home,,Phoenix Suns,Phoenix Suns,Portland Trail Blazers,-110.0,0.5238095238095238,,35482442|team|full_game|spread|phoenix_suns|ou_or_side|-3,35482442|team|full_game|spread|phoenix_suns|ou_or_side|-3|home,,,,,unscored_no_projection
FanDuel,nba,35486328,moneyline,away,2026-04-14T18:46:40Z,moneyline,moneyline,team,full_game,False,,0.0,away,,Houston Rockets,Los Angeles Lakers,Houston Rockets,-220.0,0.6875,,35486328|team|full_game|moneyline|houston_rockets|ou_or_side|0,35486328|team|full_game|moneyline|houston_rockets|ou_or_side|0|away,,,,,unscored_no_projection
FanDuel,nba,35486328,moneyline,home,2026-04-14T18:46:40Z,moneyline,moneyline,team,full_game,False,,0.0,home,,Los Angeles Lakers,Los Angeles Lakers,Houston Rockets,184.0,0.352112676056338,,35486328|team|full_game|moneyline|los_angeles_lakers|ou_or_side|0,35486328|team|full_game|moneyline|los_angeles_lakers|ou_or_side|0|home,,,,,unscored_no_projection
FanDuel,nba,35486203,moneyline,away,2026-04-14T18:46:40Z,moneyline,moneyline,team,full_game,False,,0.0,away,,Toronto Raptors,Cleveland Cavaliers,Toronto Raptors,275.0,0.26666666666666666,,35486203|team|full_game|moneyline|toronto_raptors|ou_or_side|0,35486203|team|full_game|moneyline|toronto_raptors|ou_or_side|0|away,,,,,unscored_no_projection
FanDuel,nba,35486203,moneyline,home,2026-04-14T18:46:40Z,moneyline,moneyline,team,full_game,False,,0.0,home,,Cleveland Cavaliers,Cleveland Cavaliers,Toronto Raptors,-340.0,0.7727272727272727,,35486203|team|full_game|moneyline|cleveland_cavaliers|ou_or_side|0,35486203|team|full_game|moneyline|cleveland_cavaliers|ou_or_side|0|home,,,,,unscored_no_projection
FanDuel,nba,35482467,moneyline,away,2026-04-14T18:46:40Z,moneyline,moneyline,team,full_game,False,,0.0,away,,Golden State Warriors,Los Angeles Clippers,Golden State Warriors,172.0,0.36764705882352944,,35482467|team|full_game|moneyline|golden_state_warriors|ou_or_side|0,35482467|team|full_game|moneyline|golden_state_warriors|ou_or_side|0|away,,,,,unscored_no_projection
FanDuel,nba,35482467,moneyline,home,2026-04-14T18:46:40Z,moneyline,moneyline,team,full_game,False,,0.0,home,,Los Angeles Clippers,Los Angeles Clippers,Golden State Warriors,-205.0,0.6721311475409836,,35482467|team|full_game|moneyline|los_angeles_clippers|ou_or_side|0,35482467|team|full_game|moneyline|los_angeles_clippers|ou_or_side|0|home,,,,,unscored_no_projection
FanDuel,nba,35482467,spread,away,2026-04-14T18:46:40Z,spread,spread,team,full_game,False,,5.0,away,,Golden State Warriors,Los Angeles Clippers,Golden State Warriors,-108.0,0.5192307692307693,,35482467|team|full_game|spread|golden_state_warriors|ou_or_side|5,35482467|team|full_game|spread|golden_state_warriors|ou_or_side|5|away,,,,,unscored_no_projection
FanDuel,nba,35482467,spread,home,2026-04-14T18:46:40Z,spread,spread,team,full_game,False,,-5.0,home,,Los Angeles Clippers,Los Angeles Clippers,Golden State Warriors,-112.0,0.5283018867924528,,35482467|team|full_game|spread|los_angeles_clippers|ou_or_side|-5,35482467|team|full_game|spread|los_angeles_clippers|ou_or_side|-5|home,,,,,unscored_no_projection
FanDuel,nba,35486329,moneyline,away,2026-04-14T18:46:40Z,moneyline,moneyline,team,full_game,False,,0.0,away,,Minnesota Timberwolves,Denver Nuggets,Minnesota Timberwolves,190.0,0.3448275862068966,,35486329|team|full_game|moneyline|minnesota_timberwolves|ou_or_side|0,35486329|team|full_game|moneyline|minnesota_timberwolves|ou_or_side|0|away,,,,,unscored_no_projection
FanDuel,nba,35486329,moneyline,home,2026-04-14T18:46:40Z,moneyline,moneyline,team,full_game,False,,0.0,home,,Denver Nuggets,Denver Nuggets,Minnesota Timberwolves,-230.0,0.696969696969697,,35486329|team|full_game|moneyline|denver_nuggets|ou_or_side|0,35486329|team|full_game|moneyline|denver_nuggets|ou_or_side|0|home,,,,,unscored_no_projection
FanDuel,nba,35486328,spread,away,2026-04-14T18:46:40Z,spread,spread,team,full_game,False,,-5.5,away,,Houston Rockets,Los Angeles Lakers,Houston Rockets,-108.0,0.5192307692307693,,35486328|team|full_game|spread|houston_rockets|ou_or_side|-5.5,35486328|team|full_game|spread|houston_rockets|ou_or_side|-5.5|away,,,,,unscored_no_projection
FanDuel,nba,35486328,spread,home,2026-04-14T18:46:40Z,spread,spread,team,full_game,False,,5.5,home,,Los Angeles Lakers,Los Angeles Lakers,Houston Rockets,-112.0,0.5283018867924528,,35486328|team|full_game|spread|los_angeles_lakers|ou_or_side|5.5,35486328|team|full_game|spread|los_angeles_lakers|ou_or_side|5.5|home,,,,,unscored_no_projection
FanDuel,nba,35486214,spread,away,2026-04-14T18:46:40Z,spread,spread,team,full_game,False,,5.0,away,,Atlanta Hawks,New York Knicks,Atlanta Hawks,-114.0,0.5327102803738317,,35486214|team|full_game|spread|atlanta_hawks|ou_or_side|5,35486214|team|full_game|spread|atlanta_hawks|ou_or_side|5|away,,,,,unscored_no_projection
FanDuel,nba,35486214,spread,home,2026-04-14T18:46:40Z,spread,spread,team,full_game,False,,-5.0,home,,New York Knicks,New York Knicks,Atlanta Hawks,-106.0,0.5145631067961165,,35486214|team|full_game|spread|new_york_knicks|ou_or_side|-5,35486214|team|full_game|spread|new_york_knicks|ou_or_side|-5|home,,,,,unscored_no_projection
FanDuel,nba,35486329,spread,away,2026-04-14T18:46:40Z,spread,spread,team,full_game,False,,6.0,away,,Minnesota Timberwolves,Denver Nuggets,Minnesota Timberwolves,-110.0,0.5238095238095238,,35486329|team|full_game|spread|minnesota_timberwolves|ou_or_side|6,35486329|team|full_game|spread|minnesota_timberwolves|ou_or_side|6|away,,,,,unscored_no_projection
FanDuel,nba,35486329,spread,home,2026-04-14T18:46:40Z,spread,spread,team,full_game,False,,-6.0,home,,Denver Nuggets,Denver Nuggets,Minnesota Timberwolves,-110.0,0.5238095238095238,,35486329|team|full_game|spread|denver_nuggets|ou_or_side|-6,35486329|team|full_game|spread|denver_nuggets|ou_or_side|-6|home,,,,,unscored_no_projection
FanDuel,nba,35486214,moneyline,away,2026-04-14T18:46:40Z,moneyline,moneyline,team,full_game,False,,0.0,away,,Atlanta Hawks,New York Knicks,Atlanta Hawks,168.0,0.373134328358209,,35486214|team|full_game|moneyline|atlanta_hawks|ou_or_side|0,35486214|team|full_game|moneyline|atlanta_hawks|ou_or_side|0|away,,,,,unscored_no_projection
FanDuel,nba,35486214,moneyline,home,2026-04-14T18:46:40Z,moneyline,moneyline,team,full_game,False,,0.0,home,,New York Knicks,New York Knicks,Atlanta Hawks,-200.0,0.6666666666666666,,35486214|team|full_game|moneyline|new_york_knicks|ou_or_side|0,35486214|team|full_game|moneyline|new_york_knicks|ou_or_side|0|home,,,,,unscored_no_projection
FanDuel,mlb,35487023,spread,away,2026-04-14T18:46:40Z,spread,spread,team,full_game,False,,1.5,away,,Kansas City Royals,Detroit Tigers,Kansas City Royals,-205.0,0.6721311475409836,,35487023|team|full_game|spread|kansas_city_royals|ou_or_side|1.5,35487023|team|full_game|spread|kansas_city_royals|ou_or_side|1.5|away,,,,,unscored_no_projection
FanDuel,mlb,35487023,spread,home,2026-04-14T18:46:40Z,spread,spread,team,full_game,False,,-1.5,home,,Detroit Tigers,Detroit Tigers,Kansas City Royals,168.0,0.373134328358209,,35487023|team|full_game|spread|detroit_tigers|ou_or_side|-1.5,35487023|team|full_game|spread|detroit_tigers|ou_or_side|-1.5|home,,,,,unscored_no_projection
FanDuel,mlb,35487017,moneyline,away,2026-04-14T18:46:40Z,moneyline,moneyline,team,full_game,False,,0.0,away,,Washington Nationals,Pittsburgh Pirates,Washington Nationals,154.0,0.3937007874015748,,35487017|team|full_game|moneyline|washington_nationals|ou_or_side|0,35487017|team|full_game|moneyline|washington_nationals|ou_or_side|0|away,,,,,unscored_no_projection
FanDuel,mlb,35487017,moneyline,home,2026-04-14T18:46:40Z,moneyline,moneyline,team,full_game,False,,0.0,home,,Pittsburgh Pirates,Pittsburgh Pirates,Washington Nationals,-184.0,0.647887323943662,,35487017|team|full_game|moneyline|pittsburgh_pirates|ou_or_side|0,35487017|team|full_game|moneyline|pittsburgh_pirates|ou_or_side|0|home,,,,,unscored_no_projection
FanDuel,mlb,35487026,spread,away,2026-04-14T18:46:40Z,spread,spread,team,full_game,False,,1.5,away,,Arizona Diamondbacks,Baltimore Orioles,Arizona Diamondbacks,-154.0,0.6062992125984252,,35487026|team|full_game|spread|arizona_diamondbacks|ou_or_side|1.5,35487026|team|full_game|spread|arizona_diamondbacks|ou_or_side|1.5|away,,,,,unscored_no_projection
FanDuel,mlb,35487026,spread,home,2026-04-14T18:46:40Z,spread,spread,team,full_game,False,,-1.5,home,,Baltimore Orioles,Baltimore Orioles,Arizona Diamondbacks,128.0,0.43859649122807015,,35487026|team|full_game|spread|baltimore_orioles|ou_or_side|-1.5,35487026|team|full_game|spread|baltimore_orioles|ou_or_side|-1.5|home,,,,,unscored_no_projection
FanDuel,mlb,35487018,moneyline,away,2026-04-14T18:46:40Z,moneyline,moneyline,team,full_game,False,,0.0,away,,Tampa Bay Rays,Chicago White Sox,Tampa Bay Rays,-136.0,0.576271186440678,,35487018|team|full_game|moneyline|tampa_bay_rays|ou_or_side|0,35487018|team|full_game|moneyline|tampa_bay_rays|ou_or_side|0|away,,,,,unscored_no_projection
FanDuel,mlb,35487018,moneyline,home,2026-04-14T18:46:40Z,moneyline,moneyline,team,full_game,False,,0.0,home,,Chicago White Sox,Chicago White Sox,Tampa Bay Rays,116.0,0.46296296296296297,,35487018|team|full_game|moneyline|chicago_white_sox|ou_or_side|0,35487018|team|full_game|moneyline|chicago_white_sox|ou_or_side|0|home,,,,,unscored_no_projection
FanDuel,mlb,35487013,moneyline,away,2026-04-14T18:46:40Z,moneyline,moneyline,team,full_game,False,,0.0,away,,Chicago Cubs,Philadelphia Phillies,Chicago Cubs,120.0,0.45454545454545453,,35487013|team|full_game|moneyline|chicago_cubs|ou_or_side|0,35487013|team|full_game|moneyline|chicago_cubs|ou_or_side|0|away,,,,,unscored_no_projection
FanDuel,mlb,35487013,moneyline,home,2026-04-14T18:46:40Z,moneyline,moneyline,team,full_game,False,,0.0,home,,Philadelphia Phillies,Philadelphia Phillies,Chicago Cubs,-142.0,0.5867768595041323,,35487013|team|full_game|moneyline|philadelphia_phillies|ou_or_side|0,35487013|team|full_game|moneyline|philadelphia_phillies|ou_or_side|0|home,,,,,unscored_no_projection
FanDuel,mlb,35487014,moneyline,away,2026-04-14T18:46:40Z,moneyline,moneyline,team,full_game,False,,0.0,away,,San Francisco Giants,Cincinnati Reds,San Francisco Giants,-102.0,0.504950495049505,,35487014|team|full_game|moneyline|san_francisco_giants|ou_or_side|0,35487014|team|full_game|moneyline|san_francisco_giants|ou_or_side|0|away,,,,,unscored_no_projection
FanDuel,mlb,35487014,moneyline,home,2026-04-14T18:46:40Z,moneyline,moneyline,team,full_game,False,,0.0,home,,Cincinnati Reds,Cincinnati Reds,San Francisco Giants,-116.0,0.5370370370370371,,35487014|team|full_game|moneyline|cincinnati_reds|ou_or_side|0,35487014|team|full_game|moneyline|cincinnati_reds|ou_or_side|0|home,,,,,unscored_no_projection
FanDuel,mlb,35487015,moneyline,away,2026-04-14T18:46:40Z,moneyline,moneyline,team,full_game,False,,0.0,away,,Los Angeles Angels,New York Yankees,Los Angeles Angels,152.0,0.3968253968253968,,35487015|team|full_game|moneyline|los_angeles_angels|ou_or_side|0,35487015|team|full_game|moneyline|los_angeles_angels|ou_or_side|0|away,,,,,unscored_no_projection
FanDuel,mlb,35487015,moneyline,home,2026-04-14T18:46:40Z,moneyline,moneyline,team,full_game,False,,0.0,home,,New York Yankees,New York Yankees,Los Angeles Angels,-180.0,0.6428571428571429,,35487015|team|full_game|moneyline|new_york_yankees|ou_or_side|0,35487015|team|full_game|moneyline|new_york_yankees|ou_or_side|0|home,,,,,unscored_no_projection
FanDuel,mlb,35487018,spread,away,2026-04-14T18:46:40Z,spread,spread,team,full_game,False,,-1.5,away,,Tampa Bay Rays,Chicago White Sox,Tampa Bay Rays,128.0,0.43859649122807015,,35487018|team|full_game|spread|tampa_bay_rays|ou_or_side|-1.5,35487018|team|full_game|spread|tampa_bay_rays|ou_or_side|-1.5|away,,,,,unscored_no_projection
FanDuel,mlb,35487018,spread,home,2026-04-14T18:46:40Z,spread,spread,team,full_game,False,,1.5,home,,Chicago White Sox,Chicago White Sox,Tampa Bay Rays,-154.0,0.6062992125984252,,35487018|team|full_game|spread|chicago_white_sox|ou_or_side|1.5,35487018|team|full_game|spread|chicago_white_sox|ou_or_side|1.5|home,,,,,unscored_no_projection
FanDuel,mlb,35487014,spread,away,2026-04-14T18:46:40Z,spread,spread,team,full_game,False,,-1.5,away,,San Francisco Giants,Cincinnati Reds,San Francisco Giants,146.0,0.4065040650406504,,35487014|team|full_game|spread|san_francisco_giants|ou_or_side|-1.5,35487014|team|full_game|spread|san_francisco_giants|ou_or_side|-1.5|away,,,,,unscored_no_projection
FanDuel,mlb,35487014,spread,home,2026-04-14T18:46:40Z,spread,spread,team,full_game,False,,1.5,home,,Cincinnati Reds,Cincinnati Reds,San Francisco Giants,-178.0,0.6402877697841727,,35487014|team|full_game|spread|cincinnati_reds|ou_or_side|1.5,35487014|team|full_game|spread|cincinnati_reds|ou_or_side|1.5|home,,,,,unscored_no_projection
FanDuel,mlb,35487015,spread,away,2026-04-14T18:46:40Z,spread,spread,team,full_game,False,,1.5,away,,Los Angeles Angels,New York Yankees,Los Angeles Angels,-134.0,0.5726495726495726,,35487015|team|full_game|spread|los_angeles_angels|ou_or_side|1.5,35487015|team|full_game|spread|los_angeles_angels|ou_or_side|1.5|away,,,,,unscored_no_projection
FanDuel,mlb,35487015,spread,home,2026-04-14T18:46:40Z,spread,spread,team,full_game,False,,-1.5,home,,New York Yankees,New York Yankees,Los Angeles Angels,112.0,0.4716981132075472,,35487015|team|full_game|spread|new_york_yankees|ou_or_side|-1.5,35487015|team|full_game|spread|new_york_yankees|ou_or_side|-1.5|home,,,,,unscored_no_projection
FanDuel,mlb,35487023,moneyline,away,2026-04-14T18:46:40Z,moneyline,moneyline,team,full_game,False,,0.0,away,,Kansas City Royals,Detroit Tigers,Kansas City Royals,104.0,0.49019607843137253,,35487023|team|full_game|moneyline|kansas_city_royals|ou_or_side|0,35487023|team|full_game|moneyline|kansas_city_royals|ou_or_side|0|away,,,,,unscored_no_projection
FanDuel,mlb,35487023,moneyline,home,2026-04-14T18:46:40Z,moneyline,moneyline,team,full_game,False,,0.0,home,,Detroit Tigers,Detroit Tigers,Kansas City Royals,-122.0,0.5495495495495496,,35487023|team|full_game|moneyline|detroit_tigers|ou_or_side|0,35487023|team|full_game|moneyline|detroit_tigers|ou_or_side|0|home,,,,,unscored_no_projection
FanDuel,mlb,35487026,moneyline,away,2026-04-14T18:46:40Z,moneyline,moneyline,team,full_game,False,,0.0,away,,Arizona Diamondbacks,Baltimore Orioles,Arizona Diamondbacks,134.0,0.42735042735042733,,35487026|team|full_game|moneyline|arizona_diamondbacks|ou_or_side|0,35487026|team|full_game|moneyline|arizona_diamondbacks|ou_or_side|0|away,,,,,unscored_no_projection
FanDuel,mlb,35487026,moneyline,home,2026-04-14T18:46:40Z,moneyline,moneyline,team,full_game,False,,0.0,home,,Baltimore Orioles,Baltimore Orioles,Arizona Diamondbacks,-158.0,0.6124031007751938,,35487026|team|full_game|moneyline|baltimore_orioles|ou_or_side|0,35487026|team|full_game|moneyline|baltimore_orioles|ou_or_side|0|home,,,,,unscored_no_projection
FanDuel,mlb,35487022,moneyline,away,2026-04-14T18:46:40Z,moneyline,moneyline,team,full_game,False,,0.0,away,,Miami Marlins,Atlanta Braves,Miami Marlins,136.0,0.423728813559322,,35487022|team|full_game|moneyline|miami_marlins|ou_or_side|0,35487022|team|full_game|moneyline|miami_marlins|ou_or_side|0|away,,,,,unscored_no_projection
FanDuel,mlb,35487022,moneyline,home,2026-04-14T18:46:40Z,moneyline,moneyline,team,full_game,False,,0.0,home,,Atlanta Braves,Atlanta Braves,Miami Marlins,-162.0,0.6183206106870229,,35487022|team|full_game|moneyline|atlanta_braves|ou_or_side|0,35487022|team|full_game|moneyline|atlanta_braves|ou_or_side|0|home,,,,,unscored_no_projection
FanDuel,mlb,35487022,spread,away,2026-04-14T18:46:40Z,spread,spread,team,full_game,False,,1.5,away,,Miami Marlins,Atlanta Braves,Miami Marlins,-164.0,0.6212121212121212,,35487022|team|full_game|spread|miami_marlins|ou_or_side|1.5,35487022|team|full_game|spread|miami_marlins|ou_or_side|1.5|away,,,,,unscored_no_projection
FanDuel,mlb,35487022,spread,home,2026-04-14T18:46:40Z,spread,spread,team,full_game,False,,-1.5,home,,Atlanta Braves,Atlanta Braves,Miami Marlins,136.0,0.423728813559322,,35487022|team|full_game|spread|atlanta_braves|ou_or_side|-1.5,35487022|team|full_game|spread|atlanta_braves|ou_or_side|-1.5|home,,,,,unscored_no_projection
FanDuel,mlb,35487017,spread,away,2026-04-14T18:46:40Z,spread,spread,team,full_game,False,,1.5,away,,Washington Nationals,Pittsburgh Pirates,Washington Nationals,-134.0,0.5726495726495726,,35487017|team|full_game|spread|washington_nationals|ou_or_side|1.5,35487017|team|full_game|spread|washington_nationals|ou_or_side|1.5|away,,,,,unscored_no_projection
FanDuel,mlb,35487017,spread,home,2026-04-14T18:46:40Z,spread,spread,team,full_game,False,,-1.5,home,,Pittsburgh Pirates,Pittsburgh Pirates,Washington Nationals,112.0,0.4716981132075472,,35487017|team|full_game|spread|pittsburgh_pirates|ou_or_side|-1.5,35487017|team|full_game|spread|pittsburgh_pirates|ou_or_side|-1.5|home,,,,,unscored_no_projection
FanDuel,mlb,35487013,spread,away,2026-04-14T18:46:40Z,spread,spread,team,full_game,False,,1.5,away,,Chicago Cubs,Philadelphia Phillies,Chicago Cubs,-176.0,0.6376811594202898,,35487013|team|full_game|spread|chicago_cubs|ou_or_side|1.5,35487013|team|full_game|spread|chicago_cubs|ou_or_side|1.5|away,,,,,unscored_no_projection
FanDuel,mlb,35487013,spread,home,2026-04-14T18:46:40Z,spread,spread,team,full_game,False,,-1.5,home,,Philadelphia Phillies,Philadelphia Phillies,Chicago Cubs,146.0,0.4065040650406504,,35487013|team|full_game|spread|philadelphia_phillies|ou_or_side|-1.5,35487013|team|full_game|spread|philadelphia_phillies|ou_or_side|-1.5|home,,,,,unscored_no_projection
FanDuel,nhl,35473472,moneyline,away,2026-04-14T18:46:40Z,moneyline,moneyline,team,full_game,False,,0.0,away,,Colorado Avalanche,Calgary Flames,Colorado Avalanche,-144.0,0.5901639344262295,,35473472|team|full_game|moneyline|colorado_avalanche|ou_or_side|0,35473472|team|full_game|moneyline|colorado_avalanche|ou_or_side|0|away,,,,,unscored_no_projection
FanDuel,nhl,35473472,moneyline,home,2026-04-14T18:46:40Z,moneyline,moneyline,team,full_game,False,,0.0,home,,Calgary Flames,Calgary Flames,Colorado Avalanche,120.0,0.45454545454545453,,35473472|team|full_game|moneyline|calgary_flames|ou_or_side|0,35473472|team|full_game|moneyline|calgary_flames|ou_or_side|0|home,,,,,unscored_no_projection
FanDuel,nhl,35473461,moneyline,away,2026-04-14T18:46:40Z,moneyline,moneyline,team,full_game,False,,0.0,away,,Anaheim Ducks,Minnesota Wild,Anaheim Ducks,-137.0,0.5780590717299579,,35473461|team|full_game|moneyline|anaheim_ducks|ou_or_side|0,35473461|team|full_game|moneyline|anaheim_ducks|ou_or_side|0|away,,,,,unscored_no_projection
FanDuel,nhl,35473461,moneyline,home,2026-04-14T18:46:40Z,moneyline,moneyline,team,full_game,False,,0.0,home,,Minnesota Wild,Minnesota Wild,Anaheim Ducks,114.0,0.4672897196261682,,35473461|team|full_game|moneyline|minnesota_wild|ou_or_side|0,35473461|team|full_game|moneyline|minnesota_wild|ou_or_side|0|home,,,,,unscored_no_projection
FanDuel,nhl,35473470,spread,away,2026-04-14T18:46:40Z,spread,spread,team,full_game,False,,1.5,away,,Pittsburgh Penguins,St. Louis Blues,Pittsburgh Penguins,-144.0,0.5901639344262295,,35473470|team|full_game|spread|pittsburgh_penguins|ou_or_side|1.5,35473470|team|full_game|spread|pittsburgh_penguins|ou_or_side|1.5|away,,,,,unscored_no_projection
FanDuel,nhl,35473470,spread,home,2026-04-14T18:46:40Z,spread,spread,team,full_game,False,,-1.5,home,,St. Louis Blues,St. Louis Blues,Pittsburgh Penguins,118.0,0.45871559633027525,,35473470|team|full_game|spread|st._louis_blues|ou_or_side|-1.5,35473470|team|full_game|spread|st._louis_blues|ou_or_side|-1.5|home,,,,,unscored_no_projection
FanDuel,nhl,35473470,moneyline,away,2026-04-14T18:46:40Z,moneyline,moneyline,team,full_game,False,,0.0,away,,Pittsburgh Penguins,St. Louis Blues,Pittsburgh Penguins,176.0,0.36231884057971014,,35473470|team|full_game|moneyline|pittsburgh_penguins|ou_or_side|0,35473470|team|full_game|moneyline|pittsburgh_penguins|ou_or_side|0|away,,,,,unscored_no_projection
FanDuel,nhl,35473470,moneyline,home,2026-04-14T18:46:40Z,moneyline,moneyline,team,full_game,False,,0.0,home,,St. Louis Blues,St. Louis Blues,Pittsburgh Penguins,-215.0,0.6825396825396826,,35473470|team|full_game|moneyline|st._louis_blues|ou_or_side|0,35473470|team|full_game|moneyline|st._louis_blues|ou_or_side|0|home,,,,,unscored_no_projection
FanDuel,nhl,35464787,spread,away,2026-04-14T18:46:40Z,spread,spread,team,full_game,False,,1.5,away,,New Jersey Devils,Boston Bruins,New Jersey Devils,-194.0,0.6598639455782312,,35464787|team|full_game|spread|new_jersey_devils|ou_or_side|1.5,35464787|team|full_game|spread|new_jersey_devils|ou_or_side|1.5|away,,,,,unscored_no_projection
FanDuel,nhl,35464787,spread,home,2026-04-14T18:46:40Z,spread,spread,team,full_game,False,,-1.5,home,,Boston Bruins,Boston Bruins,New Jersey Devils,156.0,0.390625,,35464787|team|full_game|spread|boston_bruins|ou_or_side|-1.5,35464787|team|full_game|spread|boston_bruins|ou_or_side|-1.5|home,,,,,unscored_no_projection
FanDuel,nhl,35464786,spread,away,2026-04-14T18:46:40Z,spread,spread,team,full_game,False,,1.5,away,,Carolina Hurricanes,New York Islanders,Carolina Hurricanes,-180.0,0.6428571428571429,,35464786|team|full_game|spread|carolina_hurricanes|ou_or_side|1.5,35464786|team|full_game|spread|carolina_hurricanes|ou_or_side|1.5|away,,,,,unscored_no_projection
FanDuel,nhl,35464786,spread,home,2026-04-14T18:46:40Z,spread,spread,team,full_game,False,,-1.5,home,,New York Islanders,New York Islanders,Carolina Hurricanes,146.0,0.4065040650406504,,35464786|team|full_game|spread|new_york_islanders|ou_or_side|-1.5,35464786|team|full_game|spread|new_york_islanders|ou_or_side|-1.5|home,,,,,unscored_no_projection
FanDuel,nhl,35464774,spread,away,2026-04-14T18:46:40Z,spread,spread,team,full_game,False,,-1.5,away,,Montreal Canadiens,Philadelphia Flyers,Montreal Canadiens,118.0,0.45871559633027525,,35464774|team|full_game|spread|montreal_canadiens|ou_or_side|-1.5,35464774|team|full_game|spread|montreal_canadiens|ou_or_side|-1.5|away,,,,,unscored_no_projection
FanDuel,nhl,35464774,spread,home,2026-04-14T18:46:40Z,spread,spread,team,full_game,False,,1.5,home,,Philadelphia Flyers,Philadelphia Flyers,Montreal Canadiens,-144.0,0.5901639344262295,,35464774|team|full_game|spread|philadelphia_flyers|ou_or_side|1.5,35464774|team|full_game|spread|philadelphia_flyers|ou_or_side|1.5|home,,,,,unscored_no_projection
FanDuel,nhl,35464788,spread,away,2026-04-14T18:46:40Z,spread,spread,team,full_game,False,,1.5,away,,Washington Capitals,Columbus Blue Jackets,Washington Capitals,-188.0,0.6527777777777778,,35464788|team|full_game|spread|washington_capitals|ou_or_side|1.5,35464788|team|full_game|spread|washington_capitals|ou_or_side|1.5|away,,,,,unscored_no_projection
FanDuel,nhl,35464788,spread,home,2026-04-14T18:46:40Z,spread,spread,team,full_game,False,,-1.5,home,,Columbus Blue Jackets,Columbus Blue Jackets,Washington Capitals,152.0,0.3968253968253968,,35464788|team|full_game|spread|columbus_blue_jackets|ou_or_side|-1.5,35464788|team|full_game|spread|columbus_blue_jackets|ou_or_side|-1.5|home,,,,,unscored_no_projection
FanDuel,nhl,35473472,spread,away,2026-04-14T18:46:40Z,spread,spread,team,full_game,False,,-1.5,away,,Colorado Avalanche,Calgary Flames,Colorado Avalanche,156.0,0.390625,,35473472|team|full_game|spread|colorado_avalanche|ou_or_side|-1.5,35473472|team|full_game|spread|colorado_avalanche|ou_or_side|-1.5|away,,,,,unscored_no_projection
FanDuel,nhl,35473472,spread,home,2026-04-14T18:46:40Z,spread,spread,team,full_game,False,,1.5,home,,Calgary Flames,Calgary Flames,Colorado Avalanche,-194.0,0.6598639455782312,,35473472|team|full_game|spread|calgary_flames|ou_or_side|1.5,35473472|team|full_game|spread|calgary_flames|ou_or_side|1.5|home,,,,,unscored_no_projection
FanDuel,nhl,35473461,spread,away,2026-04-14T18:46:40Z,spread,spread,team,full_game,False,,-1.5,away,,Anaheim Ducks,Minnesota Wild,Anaheim Ducks,164.0,0.3787878787878788,,35473461|team|full_game|spread|anaheim_ducks|ou_or_side|-1.5,35473461|team|full_game|spread|anaheim_ducks|ou_or_side|-1.5|away,,,,,unscored_no_projection
FanDuel,nhl,35473461,spread,home,2026-04-14T18:46:40Z,spread,spread,team,full_game,False,,1.5,home,,Minnesota Wild,Minnesota Wild,Anaheim Ducks,-210.0,0.6774193548387096,,35473461|team|full_game|spread|minnesota_wild|ou_or_side|1.5,35473461|team|full_game|spread|minnesota_wild|ou_or_side|1.5|home,,,,,unscored_no_projection
FanDuel,nhl,35473471,moneyline,away,2026-04-14T18:46:40Z,moneyline,moneyline,team,full_game,False,,0.0,away,,Winnipeg Jets,Utah Mammoth,Winnipeg Jets,150.0,0.4,,35473471|team|full_game|moneyline|winnipeg_jets|ou_or_side|0,35473471|team|full_game|moneyline|winnipeg_jets|ou_or_side|0|away,,,,,unscored_no_projection
FanDuel,nhl,35473471,moneyline,home,2026-04-14T18:46:40Z,moneyline,moneyline,team,full_game,False,,0.0,home,,Utah Mammoth,Utah Mammoth,Winnipeg Jets,-182.0,0.6453900709219859,,35473471|team|full_game|moneyline|utah_mammoth|ou_or_side|0,35473471|team|full_game|moneyline|utah_mammoth|ou_or_side|0|home,,,,,unscored_no_projection
FanDuel,nhl,35473469,spread,away,2026-04-14T18:46:40Z,spread,spread,team,full_game,False,,-1.5,away,,Los Angeles Kings,Vancouver Canucks,Los Angeles Kings,152.0,0.3968253968253968,,35473469|team|full_game|spread|los_angeles_kings|ou_or_side|-1.5,35473469|team|full_game|spread|los_angeles_kings|ou_or_side|-1.5|away,,,,,unscored_no_projection
FanDuel,nhl,35473469,spread,home,2026-04-14T18:46:40Z,spread,spread,team,full_game,False,,1.5,home,,Vancouver Canucks,Vancouver Canucks,Los Angeles Kings,-188.0,0.6527777777777778,,35473469|team|full_game|spread|vancouver_canucks|ou_or_side|1.5,35473469|team|full_game|spread|vancouver_canucks|ou_or_side|1.5|home,,,,,unscored_no_projection
FanDuel,nhl,35473469,moneyline,away,2026-04-14T18:46:40Z,moneyline,moneyline,team,full_game,False,,0.0,away,,Los Angeles Kings,Vancouver Canucks,Los Angeles Kings,-156.0,0.609375,,35473469|team|full_game|moneyline|los_angeles_kings|ou_or_side|0,35473469|team|full_game|moneyline|los_angeles_kings|ou_or_side|0|away,,,,,unscored_no_projection
FanDuel,nhl,35473469,moneyline,home,2026-04-14T18:46:40Z,moneyline,moneyline,team,full_game,False,,0.0,home,,Vancouver Canucks,Vancouver Canucks,Los Angeles Kings,130.0,0.43478260869565216,,35473469|team|full_game|moneyline|vancouver_canucks|ou_or_side|0,35473469|team|full_game|moneyline|vancouver_canucks|ou_or_side|0|home,,,,,unscored_no_projection
FanDuel,nhl,35464774,moneyline,away,2026-04-14T18:46:40Z,moneyline,moneyline,team,full_game,False,,0.0,away,,Montreal Canadiens,Philadelphia Flyers,Montreal Canadiens,-220.0,0.6875,,35464774|team|full_game|moneyline|montreal_canadiens|ou_or_side|0,35464774|team|full_game|moneyline|montreal_canadiens|ou_or_side|0|away,,,,,unscored_no_projection
FanDuel,nhl,35464774,moneyline,home,2026-04-14T18:46:40Z,moneyline,moneyline,team,full_game,False,,0.0,home,,Philadelphia Flyers,Philadelphia Flyers,Montreal Canadiens,180.0,0.35714285714285715,,35464774|team|full_game|moneyline|philadelphia_flyers|ou_or_side|0,35464774|team|full_game|moneyline|philadelphia_flyers|ou_or_side|0|home,,,,,unscored_no_projection
FanDuel,nhl,35464788,moneyline,away,2026-04-14T18:46:40Z,moneyline,moneyline,team,full_game,False,,0.0,away,,Washington Capitals,Columbus Blue Jackets,Washington Capitals,128.0,0.43859649122807015,,35464788|team|full_game|moneyline|washington_capitals|ou_or_side|0,35464788|team|full_game|moneyline|washington_capitals|ou_or_side|0|away,,,,,unscored_no_projection
FanDuel,nhl,35464788,moneyline,home,2026-04-14T18:46:40Z,moneyline,moneyline,team,full_game,False,,0.0,home,,Columbus Blue Jackets,Columbus Blue Jackets,Washington Capitals,-154.0,0.6062992125984252,,35464788|team|full_game|moneyline|columbus_blue_jackets|ou_or_side|0,35464788|team|full_game|moneyline|columbus_blue_jackets|ou_or_side|0|home,,,,,unscored_no_projection
FanDuel,nhl,35464787,moneyline,away,2026-04-14T18:46:40Z,moneyline,moneyline,team,full_game,False,,0.0,away,,New Jersey Devils,Boston Bruins,New Jersey Devils,125.0,0.4444444444444444,,35464787|team|full_game|moneyline|new_jersey_devils|ou_or_side|0,35464787|team|full_game|moneyline|new_jersey_devils|ou_or_side|0|away,,,,,unscored_no_projection
FanDuel,nhl,35464787,moneyline,home,2026-04-14T18:46:40Z,moneyline,moneyline,team,full_game,False,,0.0,home,,Boston Bruins,Boston Bruins,New Jersey Devils,-150.0,0.6,,35464787|team|full_game|moneyline|boston_bruins|ou_or_side|0,35464787|team|full_game|moneyline|boston_bruins|ou_or_side|0|home,,,,,unscored_no_projection
FanDuel,nhl,35464786,moneyline,away,2026-04-14T18:46:40Z,moneyline,moneyline,team,full_game,False,,0.0,away,,Carolina Hurricanes,New York Islanders,Carolina Hurricanes,136.0,0.423728813559322,,35464786|team|full_game|moneyline|carolina_hurricanes|ou_or_side|0,35464786|team|full_game|moneyline|carolina_hurricanes|ou_or_side|0|away,,,,,unscored_no_projection
FanDuel,nhl,35464786,moneyline,home,2026-04-14T18:46:40Z,moneyline,moneyline,team,full_game,False,,0.0,home,,New York Islanders,New York Islanders,Carolina Hurricanes,-164.0,0.6212121212121212,,35464786|team|full_game|moneyline|new_york_islanders|ou_or_side|0,35464786|team|full_game|moneyline|new_york_islanders|ou_or_side|0|home,,,,,unscored_no_projection
FanDuel,nhl,35473471,spread,away,2026-04-14T18:46:40Z,spread,spread,team,full_game,False,,1.5,away,,Winnipeg Jets,Utah Mammoth,Winnipeg Jets,-164.0,0.6212121212121212,,35473471|team|full_game|spread|winnipeg_jets|ou_or_side|1.5,35473471|team|full_game|spread|winnipeg_jets|ou_or_side|1.5|away,,,,,unscored_no_projection
FanDuel,nhl,35473471,spread,home,2026-04-14T18:46:40Z,spread,spread,team,full_game,False,,-1.5,home,,Utah Mammoth,Utah Mammoth,Winnipeg Jets,134.0,0.42735042735042733,,35473471|team|full_game|spread|utah_mammoth|ou_or_side|-1.5,35473471|team|full_game|spread|utah_mammoth|ou_or_side|-1.5|home,,,,,unscored_no_projection
FanDuel,ufc,35453627,moneyline,home,2026-04-14T18:46:40Z,moneyline,moneyline,team,full_game,False,,0.0,home,,Robert Valentin,Robert Valentin,Julien Leblanc,110.0,0.47619047619047616,,35453627|team|full_game|moneyline|robert_valentin|ou_or_side|0,35453627|team|full_game|moneyline|robert_valentin|ou_or_side|0|home,,,,,unscored_no_projection
FanDuel,ufc,35453627,moneyline,away,2026-04-14T18:46:40Z,moneyline,moneyline,team,full_game,False,,0.0,away,,Julien Leblanc,Robert Valentin,Julien Leblanc,-140.0,0.5833333333333334,,35453627|team|full_game|moneyline|julien_leblanc|ou_or_side|0,35453627|team|full_game|moneyline|julien_leblanc|ou_or_side|0|away,,,,,unscored_no_projection
FanDuel,ufc,35453582,moneyline,home,2026-04-14T18:46:40Z,moneyline,moneyline,team,full_game,False,,0.0,home,,Thiago Moises,Thiago Moises,Gauge Young,-130.0,0.5652173913043478,,35453582|team|full_game|moneyline|thiago_moises|ou_or_side|0,35453582|team|full_game|moneyline|thiago_moises|ou_or_side|0|home,,,,,unscored_no_projection
FanDuel,ufc,35453582,moneyline,away,2026-04-14T18:46:40Z,moneyline,moneyline,team,full_game,False,,0.0,away,,Gauge Young,Thiago Moises,Gauge Young,102.0,0.49504950495049505,,35453582|team|full_game|moneyline|gauge_young|ou_or_side|0,35453582|team|full_game|moneyline|gauge_young|ou_or_side|0|away,,,,,unscored_no_projection
FanDuel,ufc,35453621,moneyline,home,2026-04-14T18:46:40Z,moneyline,moneyline,team,full_game,False,,0.0,home,,Mark Vologdin,Mark Vologdin,John Castaneda,-115.0,0.5348837209302325,,35453621|team|full_game|moneyline|mark_vologdin|ou_or_side|0,35453621|team|full_game|moneyline|mark_vologdin|ou_or_side|0|home,,,,,unscored_no_projection
FanDuel,ufc,35453621,moneyline,away,2026-04-14T18:46:40Z,moneyline,moneyline,team,full_game,False,,0.0,away,,John Castaneda,Mark Vologdin,John Castaneda,-111.0,0.5260663507109005,,35453621|team|full_game|moneyline|john_castaneda|ou_or_side|0,35453621|team|full_game|moneyline|john_castaneda|ou_or_side|0|away,,,,,unscored_no_projection
FanDuel,ufc,35453622,moneyline,home,2026-04-14T18:46:40Z,moneyline,moneyline,team,full_game,False,,0.0,home,,Gokhan Saricam,Gokhan Saricam,Tanner Boser,132.0,0.43103448275862066,,35453622|team|full_game|moneyline|gokhan_saricam|ou_or_side|0,35453622|team|full_game|moneyline|gokhan_saricam|ou_or_side|0|home,,,,,unscored_no_projection
FanDuel,ufc,35453622,moneyline,away,2026-04-14T18:46:40Z,moneyline,moneyline,team,full_game,False,,0.0,away,,Tanner Boser,Gokhan Saricam,Tanner Boser,-170.0,0.6296296296296297,,35453622|team|full_game|moneyline|tanner_boser|ou_or_side|0,35453622|team|full_game|moneyline|tanner_boser|ou_or_side|0|away,,,,,unscored_no_projection
FanDuel,ufc,35453577,moneyline,home,2026-04-14T18:46:40Z,moneyline,moneyline,team,full_game,False,,0.0,home,,Jamey-Lyn Horth,Jamey-Lyn Horth,JJ Aldrich,140.0,0.4166666666666667,,35453577|team|full_game|moneyline|jamey-lyn_horth|ou_or_side|0,35453577|team|full_game|moneyline|jamey-lyn_horth|ou_or_side|0|home,,,,,unscored_no_projection
FanDuel,ufc,35453577,moneyline,away,2026-04-14T18:46:40Z,moneyline,moneyline,team,full_game,False,,0.0,away,,JJ Aldrich,Jamey-Lyn Horth,JJ Aldrich,-180.0,0.6428571428571429,,35453577|team|full_game|moneyline|jj_aldrich|ou_or_side|0,35453577|team|full_game|moneyline|jj_aldrich|ou_or_side|0|away,,,,,unscored_no_projection
FanDuel,ufc,35453579,moneyline,home,2026-04-14T18:46:40Z,moneyline,moneyline,team,full_game,False,,0.0,home,,Allan Nascimento,Allan Nascimento,Mitch Raposo,168.0,0.373134328358209,,35453579|team|full_game|moneyline|allan_nascimento|ou_or_side|0,35453579|team|full_game|moneyline|allan_nascimento|ou_or_side|0|home,,,,,unscored_no_projection
FanDuel,ufc,35453579,moneyline,away,2026-04-14T18:46:40Z,moneyline,moneyline,team,full_game,False,,0.0,away,,Mitch Raposo,Allan Nascimento,Mitch Raposo,-220.0,0.6875,,35453579|team|full_game|moneyline|mitch_raposo|ou_or_side|0,35453579|team|full_game|moneyline|mitch_raposo|ou_or_side|0|away,,,,,unscored_no_projection
FanDuel,ufc,35485383,moneyline,home,2026-04-14T18:46:40Z,moneyline,moneyline,team,full_game,False,,0.0,home,,Marcio Barbosa,Marcio Barbosa,Dennis Buzukja,330.0,0.23255813953488372,,35485383|team|full_game|moneyline|marcio_barbosa|ou_or_side|0,35485383|team|full_game|moneyline|marcio_barbosa|ou_or_side|0|home,,,,,unscored_no_projection
FanDuel,ufc,35485383,moneyline,away,2026-04-14T18:46:40Z,moneyline,moneyline,team,full_game,False,,0.0,away,,Dennis Buzukja,Marcio Barbosa,Dennis Buzukja,-480.0,0.8275862068965517,,35485383|team|full_game|moneyline|dennis_buzukja|ou_or_side|0,35485383|team|full_game|moneyline|dennis_buzukja|ou_or_side|0|away,,,,,unscored_no_projection
FanDuel,ufc,35453580,moneyline,home,2026-04-14T18:46:40Z,moneyline,moneyline,team,full_game,False,,0.0,home,,Karine Silva,Karine Silva,Jasmine Jasudavicius,-340.0,0.7727272727272727,,35453580|team|full_game|moneyline|karine_silva|ou_or_side|0,35453580|team|full_game|moneyline|karine_silva|ou_or_side|0|home,,,,,unscored_no_projection
FanDuel,ufc,35453580,moneyline,away,2026-04-14T18:46:40Z,moneyline,moneyline,team,full_game,False,,0.0,away,,Jasmine Jasudavicius,Karine Silva,Jasmine Jasudavicius,250.0,0.2857142857142857,,35453580|team|full_game|moneyline|jasmine_jasudavicius|ou_or_side|0,35453580|team|full_game|moneyline|jasmine_jasudavicius|ou_or_side|0|away,,,,,unscored_no_projection
FanDuel,ufc,35453581,moneyline,home,2026-04-14T18:46:40Z,moneyline,moneyline,team,full_game,False,,0.0,home,,Darya Zhelezniakova,Darya Zhelezniakova,Melissa Croden,-172.0,0.6323529411764706,,35453581|team|full_game|moneyline|darya_zhelezniakova|ou_or_side|0,35453581|team|full_game|moneyline|darya_zhelezniakova|ou_or_side|0|home,,,,,unscored_no_projection
FanDuel,ufc,35453581,moneyline,away,2026-04-14T18:46:40Z,moneyline,moneyline,team,full_game,False,,0.0,away,,Melissa Croden,Darya Zhelezniakova,Melissa Croden,134.0,0.42735042735042733,,35453581|team|full_game|moneyline|melissa_croden|ou_or_side|0,35453581|team|full_game|moneyline|melissa_croden|ou_or_side|0|away,,,,,unscored_no_projection
FanDuel,ufc,35488342,moneyline,home,2026-04-14T18:46:40Z,moneyline,moneyline,team,full_game,False,,0.0,home,,John Yannis,John Yannis,Jamie Siraj,-290.0,0.7435897435897436,,35488342|team|full_game|moneyline|john_yannis|ou_or_side|0,35488342|team|full_game|moneyline|john_yannis|ou_or_side|0|home,,,,,unscored_no_projection
FanDuel,ufc,35488342,moneyline,away,2026-04-14T18:46:40Z,moneyline,moneyline,team,full_game,False,,0.0,away,,Jamie Siraj,John Yannis,Jamie Siraj,215.0,0.31746031746031744,,35488342|team|full_game|moneyline|jamie_siraj|ou_or_side|0,35488342|team|full_game|moneyline|jamie_siraj|ou_or_side|0|away,,,,,unscored_no_projection
